车型,本田 雅阁 2010款 2.0L EX,里程,16.9万公里,价格,7.70
车型,福特 福克斯 2012款 三厢 1.6L 自动舒适型,里程,5.7万公里,价格,5.98
车型,丰田 雷凌 2017款 1.2T G CVT精英版,里程,2.4万公里,价格,9.98
车型,丰田 威驰 2014款 1.3L 手动超值版,里程,9.8万公里,价格,3.58
车型,大众 朗逸 2013款 改款经典 1.6L 自动风尚版,里程,8.1万公里,价格,6.10
车型,福特 福克斯 2012款 两厢经典 1.8L 自动基本型,里程,6.2万公里,价格,4.15
车型,东风风行 菱智 2017款 M5L 1.6L 7座标准型,里程,5.1万公里,价格,4.80
车型,别克 君威 2010款 1.6T 精英运动版,里程,7.9万公里,价格,4.00
车型,别克 凯越 2013款 1.5L 自动尊享型,里程,4.4万公里,价格,4.38
车型,奇瑞E3 2013款 1.5L 手动风尚型,里程,4.9万公里,价格,2.60
车型,大众 桑塔纳 2013款 1.4L 手动风尚版,里程,6.5万公里,价格,3.98
车型,吉利 金刚 2016款 1.5L 手动精英型,里程,3.4万公里,价格,2.45
车型,福特 翼虎 2015款 1.5L GTDi 四驱精英型,里程,4.9万公里,价格,12.60
车型,雪佛兰 赛欧 2013款 三厢 1.2L 手动理想版,里程,13.1万公里,价格,2.00
车型,本田 思域 2014款 1.8L 自动舒适版,里程,6.4万公里,价格,8.20
车型,哈弗H2 2018款 蓝标 1.5T 双离合两驱豪华型,里程,1.4万公里,价格,8.50
车型,奔驰C级 2017款 C 200 运动版,里程,2.8万公里,价格,26.19
车型,北汽绅宝 绅宝D50 2014款 1.5L 手动舒适版,里程,8.5万公里,价格,2.98
车型,猎豹CS10 2017款 2.0T 自动都市型,里程,2.4万公里,价格,7.50
车型,比亚迪 速锐 2016款 1.5L 手动精英型,里程,6.8万公里,价格,3.50
车型,本田CR-V 2012款 2.4L 四驱豪华版,里程,7.2万公里,价格,14.20
车型,吉利 帝豪GS 2016款 运动版 1.3T 自动领尚型,里程,3.9万公里,价格,7.70
车型,长安CX20 2011款 1.3L 自动运动版,里程,5.1万公里,价格,2.50
车型,起亚 福瑞迪 2011款 1.6L AT GL,里程,6.2万公里,价格,3.50
车型,日产 骊威 2010款 劲锐版 1.6L 手动标准型,里程,12.3万公里,价格,3.60
车型,现代 朗动 2016款 1.6L 自动智能型,里程,0.7万公里,价格,8.20
车型,大众POLO 2007款 劲情 1.4L 手动时尚版,里程,12.3万公里,价格,2.10
车型,五菱宏光 2010款 1.2L 标准型,里程,8.0万公里,价格,2.50
车型,比亚迪S6 2013款 白金版 2.0L 手动豪华型,里程,7.2万公里,价格,3.50
车型,大众 途昂 2017款 380TSI 四驱旗舰版,里程,4.9万公里,价格,33.00
车型,奔驰 唯雅诺 2013款 3.0L 舒适版,里程,10.4万公里,价格,21.30
车型,比亚迪 2017款 2.0T 唐100,里程,100公里,价格,18.00
车型,纳智捷 大7 SUV 2011款 2.2T 两驱智慧型,里程,6.9万公里,价格,8.00
车型,大众POLO 2016款 1.4L 手动风尚型,里程,3.0万公里,价格,5.00
车型,福特 福克斯 2012款 三厢 1.6L 自动舒适型,里程,8.0万公里,价格,5.46
车型,大众 朗逸 2011款 1.4TSI DSG品雅版,里程,5.8万公里,价格,5.90
车型,大众CC 2012款 2.0TSI 豪华型,里程,9.4万公里,价格,13.20
车型,别克 君越 2011款 2.4L SIDI豪雅版,里程,8.4万公里,价格,7.60
车型,福特 福睿斯 2017款 改款 1.5L 手动舒适型,里程,0.8万公里,价格,5.98
车型,比亚迪F3 2015款 节能版 1.5L 手动豪华型,里程,3.3万公里,价格,3.30
车型,现代 索纳塔八 2011款 2.0L 自动至尊版,里程,2.6万公里,价格,8.50
车型,大众 朗逸 2015款 230TSI DSG舒适版,里程,2.4万公里,价格,8.80
车型,日产 天籁 2012款 2.5L XL智享版,里程,10.6万公里,价格,8.20
车型,福特 福睿斯 2015款 1.5L 自动舒适型,里程,2.2万公里,价格,6.98
车型,菲亚特 致悦 2014款 1.4T 自动舒适版,里程,2.8万公里,价格,5.60
车型,哈弗H6 Coupe 2015款 蓝标 2.0T 自动两驱尊贵型,里程,1.7万公里,价格,15.00
车型,别克 君威 2015款 1.6T 精英技术型,里程,4.2万公里,价格,11.70
车型,雪佛兰 科鲁兹 2011款 1.6L SE AT,里程,5.5万公里,价格,4.60
车型,标致307 2012款 1.6L 自动CROSS,里程,3.0万公里,价格,4.35
车型,本田 思域 2014款 1.8L 自动经典版,里程,3.9万公里,价格,9.00
车型,大众 朗逸 2011款 1.6L 手动品悠版,里程,14.3万公里,价格,4.50
车型,长安CS75 2016款 1.8T 自动精英型 国IV,里程,2.6万公里,价格,7.80
车型,比亚迪 宋新能源 2017款 宋DM 1.5TID 全时四驱尊荣型,里程,1.5万公里,价格,12.88
车型,比亚迪 宋 2017款 盖世升级版 1.5TI 手动豪雅型,里程,1.3万公里,价格,6.00
车型,大众 途观 2016款 300TSI 自动两驱舒适版,里程,4.9万公里,价格,17.80
车型,别克 英朗 2014款 XT 1.6L 自动时尚版,里程,1.9万公里,价格,7.08
车型,标致308 2014款 乐享版 经典 1.6L 自动风尚型,里程,2.7万公里,价格,5.50
车型,大众 宝来 2014款 1.4TSI 自动舒适型,里程,5.0万公里,价格,9.50
车型,别克 英朗 2013款 GT 1.6L 自动时尚版,里程,6.5万公里,价格,5.80
车型,哈弗H7 2017款 红标H7 2.0T 自动尊贵型,里程,1.1万公里,价格,12.20
车型,比亚迪 元 2016款 1.5TID 自动豪华型,里程,3.2万公里,价格,5.45
车型,东风风神H30 2013款 CROSS 1.5L 自动尊尚型,里程,4.8万公里,价格,3.20
车型,哈弗H6 2014款 运动版 1.5T 手动两驱精英型,里程,13.3万公里,价格,6.20
车型,标致301 2016款 1.6L 自动舒适版,里程,4.5万公里,价格,5.10
车型,比亚迪 宋MAX 2017款 1.5T 自动智联尊贵型 7座,里程,0.4万公里,价格,10.30
车型,大众 朗逸 2011款 1.4TSI DSG品雅版,里程,12.0万公里,价格,4.58
车型,大众 速腾 2017款 230TSI 自动舒适型,里程,5.2万公里,价格,10.50
车型,比亚迪 速锐 2013款 1.5L 手动尊贵型,里程,10.0万公里,价格,2.50
车型,大众CC 2011款 2.0TSI 至尊型,里程,8.7万公里,价格,13.50
车型,哈弗H6 2017款 换代 蓝标 2.0T 自动两驱领尚型,里程,5.7万公里,价格,10.50
车型,福特 福克斯 2011款 三厢 1.8L 自动时尚型,里程,11.2万公里,价格,3.60
车型,纳智捷 优6 SUV 2014款 1.8T 时尚型,里程,10.8万公里,价格,8.00
车型,标致3008 2016款 2.0L 自动经典版,里程,2.9万公里,价格,10.00
车型,大众 桑塔纳 2016款 1.6L 手动风尚版,里程,4.5万公里,价格,5.50
车型,别克 威朗 2015款 三厢 15S 自动领先型,里程,0.8万公里,价格,9.50
车型,哈弗H6 2014款 运动版 1.5T 手动两驱精英型,里程,8.8万公里,价格,5.50
车型,大众 捷达 2017款 1.5L 自动时尚型,里程,1.2万公里,价格,7.50
车型,丰田 兰德酷路泽 2012款 4.6L 自动VX-R,里程,8.9万公里,价格,71.00
车型,别克 英朗 2016款 15N 自动精英型,里程,2.9万公里,价格,7.50
车型,日产 天籁 2011款 2.5L XL领先版,里程,4.7万公里,价格,8.35
